DSilHand_M10SilverHunt; Some comment for M10SilverHunt
DSilHand_M10_DrunkenHuntsman; Some comment for DrunkenHuntsman
DSilHand_M10DH_Topic01; Some comment for Topic01
DSilHand_M10DH_Topic02; Some comment for Topic02DSilHand_M10_GallowsGreetings;
DSilHand_M10_GallowsGreetings;
DSilHand_M10GG_Topic13;
DSilHand_M10GG_Topic12;
DSilHand_M10GG_Topic11;
DSilHand_M10GG_Topic10;
DSilHand_M10GG_Topic09;
DSilHand_M10GG_Topic08;
DSilHand_M10GG_Topic06;
DSilHand_M10GG_Topic05;
DSilHand_M10GG_Topic04;
DSilHand_M10GG_Topic03;
DSilHand_M10GG_Topic02;
DSilHand_M10GG_Topic01;
DSIlHand_M10_GallowsAfterTroll;
DSIlHand_M10GAT_Topic01;
DSilHand_M10_GallowsMeetKrev;
DSilHand_M10GMK_Topic05;
DSilHand_M10GMK_Topic04;
DSilHand_M10GMK_Topic03;
DSilHand_M10GMK_Topic02;
DSilHand_M10GMK_Topic01;
DSilHand_M10_Driftshade;
DSilHand_M10Ds_Topic04;
DSilHand_M10Ds_Topic03;
DSilHand_M10Ds_Topic02;
DSilHand_M10Ds_Topic01;
DSilHand_M80AssaultJor;
DSilHand_M80_FjolBeforeDiscourse;
DSilHand_M80FB_Topic01;
DSilHand_M80_FragmentSearch;
DSilHand_M80FS_Topic02;
DSilHand_M80FS_Topic01;
DSilHand_M80_FragmentFound;
DSilHand_M80FF_Topic01;
(none);
